	Metadata_split_name
1591	X_train_shuf
2117	X_train_shuf
1791	X_train_shuf
1220	X_train_shuf
6079	X_train_shuf
1526	X_train_shuf
2946	X_train_shuf
413	X_train_shuf
7477	X_train_shuf
2577	X_train_shuf
1180	X_train_shuf
2914	X_train_shuf
7423	X_train_shuf
7403	X_train_shuf
1852	X_train_shuf
2213	X_train_shuf
49	X_train_shuf
3279	X_train_shuf
2173	X_train_shuf
6066	X_train_shuf
768	X_train_shuf
79	X_train_shuf
3199	X_train_shuf
2141	X_train_shuf
2917	X_train_shuf
2981	X_train_shuf
3292	X_train_shuf
1251	X_train_shuf
394	X_train_shuf
2234	X_train_shuf
4533	X_train_shuf
5985	X_train_shuf
3304	X_train_shuf
3225	X_train_shuf
2091	X_train_shuf
3297	X_train_shuf
1205	X_train_shuf
2965	X_train_shuf
355	X_train_shuf
93	X_train_shuf
2609	X_train_shuf
404	X_train_shuf
4570	X_train_shuf
2551	X_train_shuf
1169	X_train_shuf
7420	X_train_shuf
2076	X_train_shuf
375	X_train_shuf
7428	X_train_shuf
1509	X_train_shuf
3321	X_train_shuf
440	X_train_shuf
1564	X_train_shuf
1226	X_train_shuf
1861	X_train_shuf
3280	X_train_shuf
2944	X_train_shuf
2130	X_train_shuf
6039	X_train_shuf
1130	X_train_shuf
2614	X_train_shuf
3315	X_train_shuf
1837	X_train_shuf
2918	X_train_shuf
438	X_train_shuf
20	X_train_shuf
2165	X_train_shuf
1586	X_train_shuf
6034	X_train_shuf
456	X_train_shuf
1855	X_train_shuf
396	X_train_shuf
4600	X_train_shuf
3223	X_train_shuf
354	X_train_shuf
3211	X_train_shuf
2915	X_train_shuf
108	X_train_shuf
2973	X_train_shuf
831	X_train_shuf
408	X_train_shuf
7446	X_train_shuf
2553	X_train_shuf
1545	X_train_shuf
4605	X_train_shuf
7479	X_train_shuf
3306	X_train_shuf
4599	X_train_shuf
1215	X_train_shuf
1496	X_train_shuf
2233	X_train_shuf
426	X_train_shuf
1067	X_train_shuf
465	X_train_shuf
1272	X_train_shuf
1871	X_train_shuf
1174	X_train_shuf
6041	X_train_shuf
771	X_train_shuf
7492	X_train_shuf
4643	X_train_shuf
1099	X_train_shuf
1115	X_train_shuf
4566	X_train_shuf
2226	X_train_shuf
3219	X_train_shuf
7471	X_train_shuf
9	X_train_shuf
1061	X_train_shuf
69	X_train_shuf
2241	X_train_shuf
2933	X_train_shuf
2115	X_train_shuf
1155	X_train_shuf
2223	X_train_shuf
3201	X_train_shuf
2542	X_train_shuf
2209	X_train_shuf
6078	X_train_shuf
4649	X_train_shuf
445	X_train_shuf
1570	X_train_shuf
1582	X_train_shuf
7394	X_train_shuf
1803	X_train_shuf
4608	X_train_shuf
59	X_train_shuf
3282	X_train_shuf
6003	X_train_shuf
1164	X_train_shuf
4526	X_train_shuf
1549	X_train_shuf
1279	X_train_shuf
4522	X_train_shuf
7430	X_train_shuf
2218	X_train_shuf
2911	X_train_shuf
1581	X_train_shuf
1495	X_train_shuf
1494	X_train_shuf
1116	X_train_shuf
434	X_train_shuf
1269	X_train_shuf
7473	X_train_shuf
783	X_train_shuf
1537	X_train_shuf
7496	X_train_shuf
5988	X_train_shuf
1136	X_train_shuf
1066	X_train_shuf
70	X_train_shuf
2902	X_train_shuf
403	X_train_shuf
2583	X_train_shuf
2216	X_train_shuf
45	X_train_shuf
2201	X_train_shuf
1890	X_train_shuf
2238	X_train_shuf
360	X_train_shuf
96	X_train_shuf
727	X_train_shuf
1571	X_train_shuf
3311	X_train_shuf
2174	X_train_shuf
3302	X_train_shuf
2903	X_train_shuf
2203	X_train_shuf
3194	X_train_shuf
778	X_train_shuf
7392	X_train_shuf
751	X_train_shuf
3222	X_train_shuf
6084	X_train_shuf
2200	X_train_shuf
2143	X_train_shuf
4597	X_train_shuf
2086	X_train_shuf
1555	X_train_shuf
2974	X_train_shuf
6075	X_train_shuf
7464	X_train_shuf
1183	X_train_shuf
467	X_train_shuf
780	X_train_shuf
6098	X_train_shuf
1513	X_train_shuf
1249	X_train_shuf
2983	X_train_shuf
2967	X_train_shuf
4639	X_train_shuf
471	X_train_shuf
2558	X_train_shuf
1597	X_train_shuf
826	X_train_shuf
3227	X_train_shuf
3296	X_train_shuf
2966	X_train_shuf
97	X_train_shuf
2190	X_train_shuf
2217	X_train_shuf
4585	X_train_shuf
1145	X_train_shuf
4603	X_train_shuf
1096	X_train_shuf
1889	X_train_shuf
1497	X_train_shuf
2924	X_train_shuf
1888	X_train_shuf
744	X_train_shuf
111	X_train_shuf
716	X_train_shuf
1502	X_train_shuf
3277	X_train_shuf
1148	X_train_shuf
1247	X_train_shuf
1577	X_train_shuf
2923	X_train_shuf
3251	X_train_shuf
14	X_train_shuf
1224	X_train_shuf
754	X_train_shuf
2189	X_train_shuf
769	X_train_shuf
2150	X_train_shuf
3291	X_train_shuf
3259	X_train_shuf
1554	X_train_shuf
4546	X_train_shuf
2144	X_train_shuf
782	X_train_shuf
2155	X_train_shuf
2089	X_train_shuf
7497	X_train_shuf
2166	X_train_shuf
3186	X_train_shuf
1843	X_train_shuf
6013	X_train_shuf
450	X_train_shuf
362	X_train_shuf
730	X_train_shuf
429	X_train_shuf
1266	X_train_shuf
7466	X_train_shuf
2590	X_train_shuf
1869	X_train_shuf
1821	X_train_shuf
1214	X_train_shuf
6018	X_train_shuf
370	X_train_shuf
2116	X_train_shuf
2579	X_train_shuf
455	X_train_shuf
3293	X_train_shuf
40	X_train_shuf
457	X_train_shuf
1804	X_train_shuf
4563	X_train_shuf
2913	X_train_shuf
6067	X_train_shuf
2537	X_train_shuf
1277	X_train_shuf
1242	X_train_shuf
4523	X_train_shuf
2235	X_train_shuf
3288	X_train_shuf
7391	X_train_shuf
1209	X_train_shuf
2206	X_train_shuf
1102	X_train_shuf
7494	X_train_shuf
814	X_train_shuf
3256	X_train_shuf
1278	X_train_shuf
1206	X_train_shuf
6049	X_train_shuf
6063	X_train_shuf
7443	X_train_shuf
6044	X_train_shuf
2100	X_train_shuf
1260	X_train_shuf
357	X_train_shuf
364	X_train_shuf
100	X_train_shuf
2565	X_train_shuf
4532	X_train_shuf
81	X_train_shuf
3192	X_train_shuf
7389	X_train_shuf
1540	X_train_shuf
4564	X_train_shuf
2123	X_train_shuf
1584	X_train_shuf
4582	X_train_shuf
1508	X_train_shuf
2889	X_train_shuf
3318	X_train_shuf
2941	X_train_shuf
2940	X_train_shuf
3197	X_train_shuf
24	X_train_shuf
6024	X_train_shuf
763	X_train_shuf
2585	X_train_shuf
25	X_train_shuf
1072	X_train_shuf
1565	X_train_shuf
3240	X_train_shuf
793	X_train_shuf
1165	X_train_shuf
397	X_train_shuf
1529	X_train_shuf
2597	X_train_shuf
1233	X_train_shuf
4641	X_train_shuf
2530	X_train_shuf
2615	X_train_shuf
7426	X_train_shuf
1552	X_train_shuf
1086	X_train_shuf
65	X_train_shuf
75	X_train_shuf
4580	X_train_shuf
3209	X_train_shuf
7490	X_train_shuf
1811	X_train_shuf
2534	X_train_shuf
3258	X_train_shuf
1084	X_train_shuf
2594	X_train_shuf
4586	X_train_shuf
1856	X_train_shuf
18	X_train_shuf
1500	X_train_shuf
1857	X_train_shuf
4602	X_train_shuf
2112	X_train_shuf
2177	X_train_shuf
2605	X_train_shuf
1575	X_train_shuf
6052	X_train_shuf
1507	X_train_shuf
2984	X_train_shuf
4593	X_train_shuf
382	X_train_shuf
2222	X_train_shuf
353	X_train_shuf
7404	X_train_shuf
427	X_train_shuf
2148	X_train_shuf
7498	X_train_shuf
4581	X_train_shuf
2240	X_train_shuf
1884	X_train_shuf
1106	X_train_shuf
4601	X_train_shuf
2197	X_train_shuf
4534	X_train_shuf
2567	X_train_shuf
7388	X_train_shuf
717	X_train_shuf
5984	X_train_shuf
804	X_train_shuf
5992	X_train_shuf
446	X_train_shuf
3205	X_train_shuf
1602	X_train_shuf
777	X_train_shuf
6088	X_train_shuf
2170	X_train_shuf
1530	X_train_shuf
2242	X_train_shuf
2942	X_train_shuf
4631	X_train_shuf
3284	X_train_shuf
3230	X_train_shuf
1227	X_train_shuf
359	X_train_shuf
4541	X_train_shuf
414	X_train_shuf
4632	X_train_shuf
3266	X_train_shuf
1808	X_train_shuf
759	X_train_shuf
7	X_train_shuf
2593	X_train_shuf
2232	X_train_shuf
770	X_train_shuf
3303	X_train_shuf
1139	X_train_shuf
6056	X_train_shuf
2236	X_train_shuf
6028	X_train_shuf
1280	X_train_shuf
789	X_train_shuf
63	X_train_shuf
1868	X_train_shuf
1504	X_train_shuf
34	X_train_shuf
358	X_train_shuf
73	X_train_shuf
5	X_train_shuf
1542	X_train_shuf
4615	X_train_shuf
50	X_train_shuf
417	X_train_shuf
1189	X_train_shuf
3246	X_train_shuf
5999	X_train_shuf
1190	X_train_shuf
794	X_train_shuf
2134	X_train_shuf
787	X_train_shuf
2096	X_train_shuf
3224	X_train_shuf
779	X_train_shuf
4556	X_train_shuf
723	X_train_shuf
92	X_train_shuf
2133	X_train_shuf
761	X_train_shuf
1824	X_train_shuf
1207	X_train_shuf
1054	X_train_shuf
1574	X_train_shuf
1144	X_train_shuf
1514	X_train_shuf
1534	X_train_shuf
461	X_train_shuf
7448	X_train_shuf
76	X_train_shuf
745	X_train_shuf
1196	X_train_shuf
464	X_train_shuf
795	X_train_shuf
1847	X_train_shuf
113	X_train_shuf
1881	X_train_shuf
3238	X_train_shuf
2180	X_train_shuf
2109	X_train_shuf
3200	X_train_shuf
7467	X_train_shuf
2570	X_train_shuf
1580	X_train_shuf
54	X_train_shuf
2533	X_train_shuf
2215	X_train_shuf
4644	X_train_shuf
2147	X_train_shuf
2932	X_train_shuf
1070	X_train_shuf
2191	X_train_shuf
3283	X_train_shuf
4662	X_train_shuf
753	X_train_shuf
2135	X_train_shuf
2550	X_train_shuf
1876	X_train_shuf
2943	X_train_shuf
1118	X_train_shuf
720	X_train_shuf
4650	X_train_shuf
2186	X_train_shuf
6083	X_train_shuf
1873	X_train_shuf
1261	X_train_shuf
1056	X_train_shuf
2220	X_train_shuf
454	X_train_shuf
55	X_train_shuf
1877	X_train_shuf
1596	X_train_shuf
1600	X_train_shuf
3314	X_train_shuf
2884	X_train_shuf
37	X_train_shuf
2118	X_train_shuf
2958	X_train_shuf
1566	X_train_shuf
1051	X_train_shuf
1263	X_train_shuf
2183	X_train_shuf
2113	X_train_shuf
3320	X_train_shuf
2928	X_train_shuf
3249	X_train_shuf
1870	X_train_shuf
764	X_train_shuf
1048	X_train_shuf
6076	X_train_shuf
749	X_train_shuf
3264	X_train_shuf
4550	X_train_shuf
72	X_train_shuf
7453	X_train_shuf
1091	X_train_shuf
1081	X_train_shuf
1267	X_train_shuf
819	X_train_shuf
773	X_train_shuf
3241	X_train_shuf
399	X_train_shuf
2564	X_train_shuf
1860	X_train_shuf
7416	X_train_shuf
8	X_train_shuf
3308	X_train_shuf
3232	X_train_shuf
1236	X_train_shuf
2184	X_train_shuf
2532	X_train_shuf
6009	X_train_shuf
374	X_train_shuf
1516	X_train_shuf
6055	X_train_shuf
1838	X_train_shuf
1831	X_train_shuf
4524	X_train_shuf
6033	X_train_shuf
7412	X_train_shuf
2131	X_train_shuf
3203	X_train_shuf
6020	X_train_shuf
829	X_train_shuf
719	X_train_shuf
2205	X_train_shuf
3286	X_train_shuf
7465	X_train_shuf
2080	X_train_shuf
2181	X_train_shuf
1134	X_train_shuf
2895	X_train_shuf
7440	X_train_shuf
2977	X_train_shuf
3226	X_train_shuf
4538	X_train_shuf
1171	X_train_shuf
6	X_train_shuf
1256	X_train_shuf
2538	X_train_shuf
4557	X_train_shuf
428	X_train_shuf
7495	X_train_shuf
2589	X_train_shuf
1104	X_train_shuf
2954	X_train_shuf
415	X_train_shuf
4651	X_train_shuf
1512	X_train_shuf
32	X_train_shuf
56	X_train_shuf
746	X_train_shuf
4575	X_train_shuf
1192	X_train_shuf
2900	X_train_shuf
2888	X_train_shuf
785	X_train_shuf
737	X_train_shuf
2580	X_train_shuf
2602	X_train_shuf
6031	X_train_shuf
6085	X_train_shuf
3281	X_train_shuf
412	X_train_shuf
4565	X_train_shuf
2950	X_train_shuf
4661	X_train_shuf
1195	X_train_shuf
2087	X_train_shuf
42	X_train_shuf
2122	X_train_shuf
87	X_train_shuf
1187	X_train_shuf
1222	X_train_shuf
2157	X_train_shuf
3254	X_train_shuf
1878	X_train_shuf
2243	X_train_shuf
2885	X_train_shuf
2905	X_train_shuf
1863	X_train_shuf
102	X_train_shuf
6071	X_train_shuf
1221	X_train_shuf
30	X_train_shuf
1120	X_train_shuf
6030	X_train_shuf
4531	X_train_shuf
1101	X_train_shuf
1886	X_train_shuf
1556	X_train_shuf
1839	X_train_shuf
3252	X_train_shuf
2094	X_train_shuf
392	X_train_shuf
1585	X_train_shuf
1576	X_train_shuf
7408	X_train_shuf
6064	X_train_shuf
453	X_train_shuf
101	X_train_shuf
4548	X_train_shuf
2921	X_train_shuf
459	X_train_shuf
7469	X_train_shuf
4621	X_train_shuf
4594	X_train_shuf
765	X_train_shuf
5994	X_train_shuf
387	X_train_shuf
373	X_train_shuf
4587	X_train_shuf
2948	X_train_shuf
796	X_train_shuf
1097	X_train_shuf
820	X_train_shuf
110	X_train_shuf
729	X_train_shuf
4543	X_train_shuf
2557	X_train_shuf
0	X_train_shuf
6032	X_train_shuf
3210	X_train_shuf
1880	X_train_shuf
2	X_train_shuf
721	X_train_shuf
2077	X_train_shuf
51	X_train_shuf
4654	X_train_shuf
78	X_train_shuf
7480	X_train_shuf
1123	X_train_shuf
715	X_train_shuf
2576	X_train_shuf
7432	X_train_shuf
379	X_train_shuf
1854	X_train_shuf
1825	X_train_shuf
2083	X_train_shuf
3272	X_train_shuf
1503	X_train_shuf
2156	X_train_shuf
7454	X_train_shuf
2081	X_train_shuf
1090	X_train_shuf
4653	X_train_shuf
828	X_train_shuf
4607	X_train_shuf
1832	X_train_shuf
1593	X_train_shuf
47	X_train_shuf
1149	X_train_shuf
473	X_train_shuf
1203	X_train_shuf
1188	X_train_shuf
4642	X_train_shuf
3244	X_train_shuf
6045	X_train_shuf
1270	X_train_shuf
470	X_train_shuf
728	X_train_shuf
2596	X_train_shuf
1528	X_train_shuf
1064	X_train_shuf
6014	X_train_shuf
3295	X_train_shuf
106	X_train_shuf
4555	X_train_shuf
2207	X_train_shuf
3313	X_train_shuf
1194	X_train_shuf
3307	X_train_shuf
4604	X_train_shuf
1095	X_train_shuf
1157	X_train_shuf
1225	X_train_shuf
7397	X_train_shuf
4576	X_train_shuf
1181	X_train_shuf
1797	X_train_shuf
35	X_train_shuf
786	X_train_shuf
1281	X_train_shuf
811	X_train_shuf
4539	X_train_shuf
1059	X_train_shuf
7488	X_train_shuf
2938	X_train_shuf
4540	X_train_shuf
4620	X_train_shuf
1243	X_train_shuf
1103	X_train_shuf
77	X_train_shuf
4559	X_train_shuf
1176	X_train_shuf
803	X_train_shuf
1235	X_train_shuf
1511	X_train_shuf
2934	X_train_shuf
7447	X_train_shuf
1499	X_train_shuf
6000	X_train_shuf
6047	X_train_shuf
422	X_train_shuf
82	X_train_shuf
2910	X_train_shuf
5993	X_train_shuf
2188	X_train_shuf
4657	X_train_shuf
367	X_train_shuf
2185	X_train_shuf
4551	X_train_shuf
2214	X_train_shuf
1078	X_train_shuf
2985	X_train_shuf
2239	X_train_shuf
1058	X_train_shuf
85	X_train_shuf
2543	X_train_shuf
2896	X_train_shuf
6004	X_train_shuf
2192	X_train_shuf
406	X_train_shuf
2129	X_train_shuf
2149	X_train_shuf
1589	X_train_shuf
400	X_train_shuf
2931	X_train_shuf
1114	X_train_shuf
781	X_train_shuf
2569	X_train_shuf
1212	X_train_shuf
6057	X_train_shuf
2890	X_train_shuf
3193	X_train_shuf
4647	X_train_shuf
1807	X_train_shuf
4592	X_train_shuf
1801	X_train_shuf
3228	X_train_shuf
775	X_train_shuf
2164	X_train_shuf
1816	X_train_shuf
2541	X_train_shuf
2600	X_train_shuf
7396	X_train_shuf
419	X_train_shuf
68	X_train_shuf
2608	X_train_shuf
7500	X_train_shuf
1879	X_train_shuf
755	X_train_shuf
1168	X_train_shuf
3269	X_train_shuf
7499	X_train_shuf
6017	X_train_shuf
1795	X_train_shuf
2916	X_train_shuf
6012	X_train_shuf
6016	X_train_shuf
1232	X_train_shuf
368	X_train_shuf
5997	X_train_shuf
2936	X_train_shuf
2160	X_train_shuf
2892	X_train_shuf
758	X_train_shuf
1538	X_train_shuf
7460	X_train_shuf
2607	X_train_shuf
11	X_train_shuf
4598	X_train_shuf
88	X_train_shuf
2616	X_train_shuf
23	X_train_shuf
1578	X_train_shuf
418	X_train_shuf
1844	X_train_shuf
1173	X_train_shuf
743	X_train_shuf
1809	X_train_shuf
2572	X_train_shuf
2960	X_train_shuf
38	X_train_shuf
1517	X_train_shuf
4588	X_train_shuf
4622	X_train_shuf
1557	X_train_shuf
3322	X_train_shuf
6026	X_train_shuf
1119	X_train_shuf
6010	X_train_shuf
2224	X_train_shuf
2176	X_train_shuf
53	X_train_shuf
1100	X_train_shuf
351	X_train_shuf
740	X_train_shuf
1865	X_train_shuf
36	X_train_shuf
1828	X_train_shuf
4629	X_train_shuf
3274	X_train_shuf
6095	X_train_shuf
825	X_train_shuf
6040	X_train_shuf
1806	X_train_shuf
1135	X_train_shuf
90	X_train_shuf
1071	X_train_shuf
6015	X_train_shuf
6082	X_train_shuf
389	X_train_shuf
365	X_train_shuf
2961	X_train_shuf
3188	X_train_shuf
1282	X_train_shuf
1204	X_train_shuf
3271	X_train_shuf
378	X_train_shuf
7436	X_train_shuf
3267	X_train_shuf
6048	X_train_shuf
6001	X_train_shuf
1887	X_train_shuf
1601	X_train_shuf
3218	X_train_shuf
1083	X_train_shuf
1245	X_train_shuf
7445	X_train_shuf
3260	X_train_shuf
7470	X_train_shuf
6069	X_train_shuf
1073	X_train_shuf
4549	X_train_shuf
2230	X_train_shuf
4609	X_train_shuf
10	X_train_shuf
1077	X_train_shuf
1848	X_train_shuf
4630	X_train_shuf
2969	X_train_shuf
2079	X_train_shuf
4645	X_train_shuf
443	X_train_shuf
2099	X_train_shuf
1	X_train_shuf
4561	X_train_shuf
4	X_train_shuf
91	X_train_shuf
2145	X_train_shuf
4562	X_train_shuf
2546	X_train_shuf
748	X_train_shuf
2092	X_train_shuf
7401	X_train_shuf
6043	X_train_shuf
2228	X_train_shuf
1853	X_train_shuf
2891	X_train_shuf
1141	X_train_shuf
4590	X_train_shuf
386	X_train_shuf
7481	X_train_shuf
2599	X_train_shuf
6019	X_train_shuf
2104	X_train_shuf
762	X_train_shuf
1274	X_train_shuf
421	X_train_shuf
1213	X_train_shuf
1544	X_train_shuf
832	X_train_shuf
3301	X_train_shuf
436	X_train_shuf
3278	X_train_shuf
1894	X_train_shuf
1063	X_train_shuf
3285	X_train_shuf
6093	X_train_shuf
2582	X_train_shuf
3191	X_train_shuf
2573	X_train_shuf
1833	X_train_shuf
46	X_train_shuf
6096	X_train_shuf
2971	X_train_shuf
2982	X_train_shuf
2926	X_train_shuf
383	X_train_shuf
7421	X_train_shuf
2975	X_train_shuf
2120	X_train_shuf
774	X_train_shuf
6029	X_train_shuf
1175	X_train_shuf
747	X_train_shuf
6070	X_train_shuf
3265	X_train_shuf
83	X_train_shuf
757	X_train_shuf
3255	X_train_shuf
798	X_train_shuf
1049	X_train_shuf
1108	X_train_shuf
3221	X_train_shuf
2531	X_train_shuf
809	X_train_shuf
7452	X_train_shuf
6053	X_train_shuf
2161	X_train_shuf
433	X_train_shuf
7429	X_train_shuf
17	X_train_shuf
2210	X_train_shuf
1229	X_train_shuf
4625	X_train_shuf
1872	X_train_shuf
2612	X_train_shuf
1820	X_train_shuf
366	X_train_shuf
4554	X_train_shuf
1275	X_train_shuf
1125	X_train_shuf
1819	X_train_shuf
2601	X_train_shuf
3247	X_train_shuf
1590	X_train_shuf
3317	X_train_shuf
1850	X_train_shuf
1525	X_train_shuf
2090	X_train_shuf
750	X_train_shuf
6086	X_train_shuf
2111	X_train_shuf
2907	X_train_shuf
1053	X_train_shuf
452	X_train_shuf
356	X_train_shuf
6062	X_train_shuf
805	X_train_shuf
1112	X_train_shuf
4527	X_train_shuf
28	X_train_shuf
6042	X_train_shuf
2535	X_train_shuf
3206	X_train_shuf
3298	X_train_shuf
2906	X_train_shuf
444	X_train_shuf
4595	X_train_shuf
391	X_train_shuf
7450	X_train_shuf
6074	X_train_shuf
7414	X_train_shuf
4652	X_train_shuf
1862	X_train_shuf
1799	X_train_shuf
2549	X_train_shuf
2212	X_train_shuf
2925	X_train_shuf
2110	X_train_shuf
2221	X_train_shuf
469	X_train_shuf
3190	X_train_shuf
6046	X_train_shuf
792	X_train_shuf
1240	X_train_shuf
1533	X_train_shuf
1548	X_train_shuf
1122	X_train_shuf
1062	X_train_shuf
2955	X_train_shuf
7449	X_train_shuf
2951	X_train_shuf
1599	X_train_shuf
2584	X_train_shuf
1138	X_train_shuf
466	X_train_shuf
821	X_train_shuf
6058	X_train_shuf
2978	X_train_shuf
1265	X_train_shuf
7422	X_train_shuf
3276	X_train_shuf
2132	X_train_shuf
7405	X_train_shuf
718	X_train_shuf
752	X_train_shuf
4636	X_train_shuf
2935	X_train_shuf
4529	X_train_shuf
448	X_train_shuf
58	X_train_shuf
5991	X_train_shuf
2121	X_train_shuf
4567	X_train_shuf
2883	X_train_shuf
1201	X_train_shuf
4521	X_train_shuf
3300	X_train_shuf
104	X_train_shuf
1140	X_train_shuf
2237	X_train_shuf
3236	X_train_shuf
742	X_train_shuf
405	X_train_shuf
2158	X_train_shuf
99	X_train_shuf
1075	X_train_shuf
815	X_train_shuf
3215	X_train_shuf
1563	X_train_shuf
6090	X_train_shuf
2171	X_train_shuf
2140	X_train_shuf
5990	X_train_shuf
1891	X_train_shuf
6027	X_train_shuf
441	X_train_shuf
3257	X_train_shuf
6101	X_train_shuf
2919	X_train_shuf
2162	X_train_shuf
7398	X_train_shuf
7390	X_train_shuf
1253	X_train_shuf
1262	X_train_shuf
741	X_train_shuf
1184	X_train_shuf
3294	X_train_shuf
2922	X_train_shuf
1841	X_train_shuf
2119	X_train_shuf
799	X_train_shuf
2908	X_train_shuf
1246	X_train_shuf
1132	X_train_shuf
4655	X_train_shuf
463	X_train_shuf
2930	X_train_shuf
1237	X_train_shuf
2179	X_train_shuf
2182	X_train_shuf
2929	X_train_shuf
1068	X_train_shuf
833	X_train_shuf
4663	X_train_shuf
31	X_train_shuf
2107	X_train_shuf
6008	X_train_shuf
2976	X_train_shuf
7501	X_train_shuf
6068	X_train_shuf
7413	X_train_shuf
2231	X_train_shuf
384	X_train_shuf
80	X_train_shuf
1093	X_train_shuf
2587	X_train_shuf
2610	X_train_shuf
1827	X_train_shuf
1257	X_train_shuf
1276	X_train_shuf
4584	X_train_shuf
7485	X_train_shuf
1092	X_train_shuf
1163	X_train_shuf
2957	X_train_shuf
4659	X_train_shuf
802	X_train_shuf
2545	X_train_shuf
2106	X_train_shuf
4573	X_train_shuf
4617	X_train_shuf
2595	X_train_shuf
1170	X_train_shuf
1079	X_train_shuf
1248	X_train_shuf
2598	X_train_shuf
756	X_train_shuf
7474	X_train_shuf
1546	X_train_shuf
2592	X_train_shuf
1105	X_train_shuf
1050	X_train_shuf
2920	X_train_shuf
95	X_train_shuf
1283	X_train_shuf
1573	X_train_shuf
60	X_train_shuf
48	X_train_shuf
2963	X_train_shuf
4658	X_train_shuf
3195	X_train_shuf
1851	X_train_shuf
84	X_train_shuf
2588	X_train_shuf
4619	X_train_shuf
381	X_train_shuf
1521	X_train_shuf
458	X_train_shuf
402	X_train_shuf
1842	X_train_shuf
1592	X_train_shuf
766	X_train_shuf
2125	X_train_shuf
4606	X_train_shuf
385	X_train_shuf
1815	X_train_shuf
4634	X_train_shuf
1813	X_train_shuf
460	X_train_shuf
7478	X_train_shuf
4618	X_train_shuf
1178	X_train_shuf
1588	X_train_shuf
3268	X_train_shuf
6061	X_train_shuf
1200	X_train_shuf
739	X_train_shuf
3214	X_train_shuf
736	X_train_shuf
6025	X_train_shuf
2953	X_train_shuf
1510	X_train_shuf
2142	X_train_shuf
2962	X_train_shuf
6077	X_train_shuf
1156	X_train_shuf
3196	X_train_shuf
7439	X_train_shuf
1560	X_train_shuf
827	X_train_shuf
712	X_train_shuf
425	X_train_shuf
1211	X_train_shuf
3316	X_train_shuf
2199	X_train_shuf
830	X_train_shuf
1126	X_train_shuf
2591	X_train_shuf
2886	X_train_shuf
6011	X_train_shuf
4610	X_train_shuf
6035	X_train_shuf
2168	X_train_shuf
2563	X_train_shuf
1133	X_train_shuf
3243	X_train_shuf
6100	X_train_shuf
1796	X_train_shuf
1532	X_train_shuf
2178	X_train_shuf
3275	X_train_shuf
1094	X_train_shuf
1089	X_train_shuf
2124	X_train_shuf
2105	X_train_shuf
1523	X_train_shuf
2187	X_train_shuf
1883	X_train_shuf
4583	X_train_shuf
1074	X_train_shuf
1845	X_train_shuf
1812	X_train_shuf
1128	X_train_shuf
2227	X_train_shuf
732	X_train_shuf
7402	X_train_shuf
1567	X_train_shuf
2947	X_train_shuf
2968	X_train_shuf
2108	X_train_shuf
57	X_train_shuf
4536	X_train_shuf
6007	X_train_shuf
2893	X_train_shuf
4558	X_train_shuf
4616	X_train_shuf
1805	X_train_shuf
1543	X_train_shuf
725	X_train_shuf
2138	X_train_shuf
1166	X_train_shuf
1088	X_train_shuf
26	X_train_shuf
4640	X_train_shuf
5989	X_train_shuf
1823	X_train_shuf
1866	X_train_shuf
2979	X_train_shuf
424	X_train_shuf
2225	X_train_shuf
7461	X_train_shuf
7431	X_train_shuf
2552	X_train_shuf
1518	X_train_shuf
6065	X_train_shuf
4560	X_train_shuf
3229	X_train_shuf
1153	X_train_shuf
1498	X_train_shuf
2959	X_train_shuf
2562	X_train_shuf
2101	X_train_shuf
1536	X_train_shuf
41	X_train_shuf
767	X_train_shuf
2085	X_train_shuf
1864	X_train_shuf
4574	X_train_shuf
2204	X_train_shuf
2103	X_train_shuf
726	X_train_shuf
363	X_train_shuf
4547	X_train_shuf
1234	X_train_shuf
1052	X_train_shuf
1558	X_train_shuf
4596	X_train_shuf
2559	X_train_shuf
807	X_train_shuf
7434	X_train_shuf
3253	X_train_shuf
1836	X_train_shuf
1583	X_train_shuf
4542	X_train_shuf
2088	X_train_shuf
371	X_train_shuf
1182	X_train_shuf
468	X_train_shuf
738	X_train_shuf
1228	X_train_shuf
776	X_train_shuf
1598	X_train_shuf
1834	X_train_shuf
1885	X_train_shuf
2894	X_train_shuf
1800	X_train_shuf
1792	X_train_shuf
16	X_train_shuf
1152	X_train_shuf
800	X_train_shuf
4646	X_train_shuf
15	X_train_shuf
1259	X_train_shuf
3289	X_train_shuf
472	X_train_shuf
1160	X_train_shuf
2084	X_train_shuf
4519	X_train_shuf
3217	X_train_shuf
3	X_train_shuf
2202	X_train_shuf
462	X_train_shuf
430	X_train_shuf
2169	X_train_shuf
1197	X_train_shuf
1159	X_train_shuf
1255	X_train_shuf
1150	X_train_shuf
2937	X_train_shuf
5996	X_train_shuf
6036	X_train_shuf
432	X_train_shuf
7409	X_train_shuf
112	X_train_shuf
3187	X_train_shuf
2195	X_train_shuf
4589	X_train_shuf
4624	X_train_shuf
411	X_train_shuf
1802	X_train_shuf
2136	X_train_shuf
107	X_train_shuf
3305	X_train_shuf
4552	X_train_shuf
439	X_train_shuf
6080	X_train_shuf
7457	X_train_shuf
2574	X_train_shuf
722	X_train_shuf
1143	X_train_shuf
2539	X_train_shuf
2127	X_train_shuf
4591	X_train_shuf
1569	X_train_shuf
1501	X_train_shuf
1798	X_train_shuf
1553	X_train_shuf
2956	X_train_shuf
1859	X_train_shuf
2128	X_train_shuf
7400	X_train_shuf
2153	X_train_shuf
2219	X_train_shuf
1146	X_train_shuf
4660	X_train_shuf
4623	X_train_shuf
2581	X_train_shuf
7444	X_train_shuf
1142	X_train_shuf
2568	X_train_shuf
4613	X_train_shuf
2571	X_train_shuf
52	X_train_shuf
7451	X_train_shuf
2945	X_train_shuf
3235	X_train_shuf
1822	X_train_shuf
7441	X_train_shuf
788	X_train_shuf
2163	X_train_shuf
7437	X_train_shuf
1057	X_train_shuf
1519	X_train_shuf
3202	X_train_shuf
7459	X_train_shuf
449	X_train_shuf
7393	X_train_shuf
3309	X_train_shuf
1167	X_train_shuf
86	X_train_shuf
1506	X_train_shuf
6060	X_train_shuf
2154	X_train_shuf
1551	X_train_shuf
109	X_train_shuf
7482	X_train_shuf
410	X_train_shuf
5987	X_train_shuf
67	X_train_shuf
4568	X_train_shuf
1867	X_train_shuf
376	X_train_shuf
1076	X_train_shuf
1055	X_train_shuf
1591	X_train
2117	X_train
1791	X_train
1220	X_train
6079	X_train
1526	X_train
2946	X_train
413	X_train
7477	X_train
2577	X_train
1180	X_train
2914	X_train
7423	X_train
7403	X_train
1852	X_train
2213	X_train
49	X_train
3279	X_train
2173	X_train
6066	X_train
768	X_train
79	X_train
3199	X_train
2141	X_train
2917	X_train
2981	X_train
3292	X_train
1251	X_train
394	X_train
2234	X_train
4533	X_train
5985	X_train
3304	X_train
3225	X_train
2091	X_train
3297	X_train
1205	X_train
2965	X_train
355	X_train
93	X_train
2609	X_train
404	X_train
4570	X_train
2551	X_train
1169	X_train
7420	X_train
2076	X_train
375	X_train
7428	X_train
1509	X_train
3321	X_train
440	X_train
1564	X_train
1226	X_train
1861	X_train
3280	X_train
2944	X_train
2130	X_train
6039	X_train
1130	X_train
2614	X_train
3315	X_train
1837	X_train
2918	X_train
438	X_train
20	X_train
2165	X_train
1586	X_train
6034	X_train
456	X_train
1855	X_train
396	X_train
4600	X_train
3223	X_train
354	X_train
3211	X_train
2915	X_train
108	X_train
2973	X_train
831	X_train
408	X_train
7446	X_train
2553	X_train
1545	X_train
4605	X_train
7479	X_train
3306	X_train
4599	X_train
1215	X_train
1496	X_train
2233	X_train
426	X_train
1067	X_train
465	X_train
1272	X_train
1871	X_train
1174	X_train
6041	X_train
771	X_train
7492	X_train
4643	X_train
1099	X_train
1115	X_train
4566	X_train
2226	X_train
3219	X_train
7471	X_train
9	X_train
1061	X_train
69	X_train
2241	X_train
2933	X_train
2115	X_train
1155	X_train
2223	X_train
3201	X_train
2542	X_train
2209	X_train
6078	X_train
4649	X_train
445	X_train
1570	X_train
1582	X_train
7394	X_train
1803	X_train
4608	X_train
59	X_train
3282	X_train
6003	X_train
1164	X_train
4526	X_train
1549	X_train
1279	X_train
4522	X_train
7430	X_train
2218	X_train
2911	X_train
1581	X_train
1495	X_train
1494	X_train
1116	X_train
434	X_train
1269	X_train
7473	X_train
783	X_train
1537	X_train
7496	X_train
5988	X_train
1136	X_train
1066	X_train
70	X_train
2902	X_train
403	X_train
2583	X_train
2216	X_train
45	X_train
2201	X_train
1890	X_train
2238	X_train
360	X_train
96	X_train
727	X_train
1571	X_train
3311	X_train
2174	X_train
3302	X_train
2903	X_train
2203	X_train
3194	X_train
778	X_train
7392	X_train
751	X_train
3222	X_train
6084	X_train
2200	X_train
2143	X_train
4597	X_train
2086	X_train
1555	X_train
2974	X_train
6075	X_train
7464	X_train
1183	X_train
467	X_train
780	X_train
6098	X_train
1513	X_train
1249	X_train
2983	X_train
2967	X_train
4639	X_train
471	X_train
2558	X_train
1597	X_train
826	X_train
3227	X_train
3296	X_train
2966	X_train
97	X_train
2190	X_train
2217	X_train
4585	X_train
1145	X_train
4603	X_train
1096	X_train
1889	X_train
1497	X_train
2924	X_train
1888	X_train
744	X_train
111	X_train
716	X_train
1502	X_train
3277	X_train
1148	X_train
1247	X_train
1577	X_train
2923	X_train
3251	X_train
14	X_train
1224	X_train
754	X_train
2189	X_train
769	X_train
2150	X_train
3291	X_train
3259	X_train
1554	X_train
4546	X_train
2144	X_train
782	X_train
2155	X_train
2089	X_train
7497	X_train
2166	X_train
3186	X_train
1843	X_train
6013	X_train
450	X_train
362	X_train
730	X_train
429	X_train
1266	X_train
7466	X_train
2590	X_train
1869	X_train
1821	X_train
1214	X_train
6018	X_train
370	X_train
2116	X_train
2579	X_train
455	X_train
3293	X_train
40	X_train
457	X_train
1804	X_train
4563	X_train
2913	X_train
6067	X_train
2537	X_train
1277	X_train
1242	X_train
4523	X_train
2235	X_train
3288	X_train
7391	X_train
1209	X_train
2206	X_train
1102	X_train
7494	X_train
814	X_train
3256	X_train
1278	X_train
1206	X_train
6049	X_train
6063	X_train
7443	X_train
6044	X_train
2100	X_train
1260	X_train
357	X_train
364	X_train
100	X_train
2565	X_train
4532	X_train
81	X_train
3192	X_train
7389	X_train
1540	X_train
4564	X_train
2123	X_train
1584	X_train
4582	X_train
1508	X_train
2889	X_train
3318	X_train
2941	X_train
2940	X_train
3197	X_train
24	X_train
6024	X_train
763	X_train
2585	X_train
25	X_train
1072	X_train
1565	X_train
3240	X_train
793	X_train
1165	X_train
397	X_train
1529	X_train
2597	X_train
1233	X_train
4641	X_train
2530	X_train
2615	X_train
7426	X_train
1552	X_train
1086	X_train
65	X_train
75	X_train
4580	X_train
3209	X_train
7490	X_train
1811	X_train
2534	X_train
3258	X_train
1084	X_train
2594	X_train
4586	X_train
1856	X_train
18	X_train
1500	X_train
1857	X_train
4602	X_train
2112	X_train
2177	X_train
2605	X_train
1575	X_train
6052	X_train
1507	X_train
2984	X_train
4593	X_train
382	X_train
2222	X_train
353	X_train
7404	X_train
427	X_train
2148	X_train
7498	X_train
4581	X_train
2240	X_train
1884	X_train
1106	X_train
4601	X_train
2197	X_train
4534	X_train
2567	X_train
7388	X_train
717	X_train
5984	X_train
804	X_train
5992	X_train
446	X_train
3205	X_train
1602	X_train
777	X_train
6088	X_train
2170	X_train
1530	X_train
2242	X_train
2942	X_train
4631	X_train
3284	X_train
3230	X_train
1227	X_train
359	X_train
4541	X_train
414	X_train
4632	X_train
3266	X_train
1808	X_train
759	X_train
7	X_train
2593	X_train
2232	X_train
770	X_train
3303	X_train
1139	X_train
6056	X_train
2236	X_train
6028	X_train
1280	X_train
789	X_train
63	X_train
1868	X_train
1504	X_train
34	X_train
358	X_train
73	X_train
5	X_train
1542	X_train
4615	X_train
50	X_train
417	X_train
1189	X_train
3246	X_train
5999	X_train
1190	X_train
794	X_train
2134	X_train
787	X_train
2096	X_train
3224	X_train
779	X_train
4556	X_train
723	X_train
92	X_train
2133	X_train
761	X_train
1824	X_train
1207	X_train
1054	X_train
1574	X_train
1144	X_train
1514	X_train
1534	X_train
461	X_train
7448	X_train
76	X_train
745	X_train
1196	X_train
464	X_train
795	X_train
1847	X_train
113	X_train
1881	X_train
3238	X_train
2180	X_train
2109	X_train
3200	X_train
7467	X_train
2570	X_train
1580	X_train
54	X_train
2533	X_train
2215	X_train
4644	X_train
2147	X_train
2932	X_train
1070	X_train
2191	X_train
3283	X_train
4662	X_train
753	X_train
2135	X_train
2550	X_train
1876	X_train
2943	X_train
1118	X_train
720	X_train
4650	X_train
2186	X_train
6083	X_train
1873	X_train
1261	X_train
1056	X_train
2220	X_train
454	X_train
55	X_train
1877	X_train
1596	X_train
1600	X_train
3314	X_train
2884	X_train
37	X_train
2118	X_train
2958	X_train
1566	X_train
1051	X_train
1263	X_train
2183	X_train
2113	X_train
3320	X_train
2928	X_train
3249	X_train
1870	X_train
764	X_train
1048	X_train
6076	X_train
749	X_train
3264	X_train
4550	X_train
72	X_train
7453	X_train
1091	X_train
1081	X_train
1267	X_train
819	X_train
773	X_train
3241	X_train
399	X_train
2564	X_train
1860	X_train
7416	X_train
8	X_train
3308	X_train
3232	X_train
1236	X_train
2184	X_train
2532	X_train
6009	X_train
374	X_train
1516	X_train
6055	X_train
1838	X_train
1831	X_train
4524	X_train
6033	X_train
7412	X_train
2131	X_train
3203	X_train
6020	X_train
829	X_train
719	X_train
2205	X_train
3286	X_train
7465	X_train
2080	X_train
2181	X_train
1134	X_train
2895	X_train
7440	X_train
2977	X_train
3226	X_train
4538	X_train
1171	X_train
6	X_train
1256	X_train
2538	X_train
4557	X_train
428	X_train
7495	X_train
2589	X_train
1104	X_train
2954	X_train
415	X_train
4651	X_train
1512	X_train
32	X_train
56	X_train
746	X_train
4575	X_train
1192	X_train
2900	X_train
2888	X_train
785	X_train
737	X_train
2580	X_train
2602	X_train
6031	X_train
6085	X_train
3281	X_train
412	X_train
4565	X_train
2950	X_train
4661	X_train
1195	X_train
2087	X_train
42	X_train
2122	X_train
87	X_train
1187	X_train
1222	X_train
2157	X_train
3254	X_train
1878	X_train
2243	X_train
2885	X_train
2905	X_train
1863	X_train
102	X_train
6071	X_train
1221	X_train
30	X_train
1120	X_train
6030	X_train
4531	X_train
1101	X_train
1886	X_train
1556	X_train
1839	X_train
3252	X_train
2094	X_train
392	X_train
1585	X_train
1576	X_train
7408	X_train
6064	X_train
453	X_train
101	X_train
4548	X_train
2921	X_train
459	X_train
7469	X_train
4621	X_train
4594	X_train
765	X_train
5994	X_train
387	X_train
373	X_train
4587	X_train
2948	X_train
796	X_train
1097	X_train
820	X_train
110	X_train
729	X_train
4543	X_train
2557	X_train
0	X_train
6032	X_train
3210	X_train
1880	X_train
2	X_train
721	X_train
2077	X_train
51	X_train
4654	X_train
78	X_train
7480	X_train
1123	X_train
715	X_train
2576	X_train
7432	X_train
379	X_train
1854	X_train
1825	X_train
2083	X_train
3272	X_train
1503	X_train
2156	X_train
7454	X_train
2081	X_train
1090	X_train
4653	X_train
828	X_train
4607	X_train
1832	X_train
1593	X_train
47	X_train
1149	X_train
473	X_train
1203	X_train
1188	X_train
4642	X_train
3244	X_train
6045	X_train
1270	X_train
470	X_train
728	X_train
2596	X_train
1528	X_train
1064	X_train
6014	X_train
3295	X_train
106	X_train
4555	X_train
2207	X_train
3313	X_train
1194	X_train
3307	X_train
4604	X_train
1095	X_train
1157	X_train
1225	X_train
7397	X_train
4576	X_train
1181	X_train
1797	X_train
35	X_train
786	X_train
1281	X_train
811	X_train
4539	X_train
1059	X_train
7488	X_train
2938	X_train
4540	X_train
4620	X_train
1243	X_train
1103	X_train
77	X_train
4559	X_train
1176	X_train
803	X_train
1235	X_train
1511	X_train
2934	X_train
7447	X_train
1499	X_train
6000	X_train
6047	X_train
422	X_train
82	X_train
2910	X_train
5993	X_train
2188	X_train
4657	X_train
367	X_train
2185	X_train
4551	X_train
2214	X_train
1078	X_train
2985	X_train
2239	X_train
1058	X_train
85	X_train
2543	X_train
2896	X_train
6004	X_train
2192	X_train
406	X_train
2129	X_train
2149	X_train
1589	X_train
400	X_train
2931	X_train
1114	X_train
781	X_train
2569	X_train
1212	X_train
6057	X_train
2890	X_train
3193	X_train
4647	X_train
1807	X_train
4592	X_train
1801	X_train
3228	X_train
775	X_train
2164	X_train
1816	X_train
2541	X_train
2600	X_train
7396	X_train
419	X_train
68	X_train
2608	X_train
7500	X_train
1879	X_train
755	X_train
1168	X_train
3269	X_train
7499	X_train
6017	X_train
1795	X_train
2916	X_train
6012	X_train
6016	X_train
1232	X_train
368	X_train
5997	X_train
2936	X_train
2160	X_train
2892	X_train
758	X_train
1538	X_train
7460	X_train
2607	X_train
11	X_train
4598	X_train
88	X_train
2616	X_train
23	X_train
1578	X_train
418	X_train
1844	X_train
1173	X_train
743	X_train
1809	X_train
2572	X_train
2960	X_train
38	X_train
1517	X_train
4588	X_train
4622	X_train
1557	X_train
3322	X_train
6026	X_train
1119	X_train
6010	X_train
2224	X_train
2176	X_train
53	X_train
1100	X_train
351	X_train
740	X_train
1865	X_train
36	X_train
1828	X_train
4629	X_train
3274	X_train
6095	X_train
825	X_train
6040	X_train
1806	X_train
1135	X_train
90	X_train
1071	X_train
6015	X_train
6082	X_train
389	X_train
365	X_train
2961	X_train
3188	X_train
1282	X_train
1204	X_train
3271	X_train
378	X_train
7436	X_train
3267	X_train
6048	X_train
6001	X_train
1887	X_train
1601	X_train
3218	X_train
1083	X_train
1245	X_train
7445	X_train
3260	X_train
7470	X_train
6069	X_train
1073	X_train
4549	X_train
2230	X_train
4609	X_train
10	X_train
1077	X_train
1848	X_train
4630	X_train
2969	X_train
2079	X_train
4645	X_train
443	X_train
2099	X_train
1	X_train
4561	X_train
4	X_train
91	X_train
2145	X_train
4562	X_train
2546	X_train
748	X_train
2092	X_train
7401	X_train
6043	X_train
2228	X_train
1853	X_train
2891	X_train
1141	X_train
4590	X_train
386	X_train
7481	X_train
2599	X_train
6019	X_train
2104	X_train
762	X_train
1274	X_train
421	X_train
1213	X_train
1544	X_train
832	X_train
3301	X_train
436	X_train
3278	X_train
1894	X_train
1063	X_train
3285	X_train
6093	X_train
2582	X_train
3191	X_train
2573	X_train
1833	X_train
46	X_train
6096	X_train
2971	X_train
2982	X_train
2926	X_train
383	X_train
7421	X_train
2975	X_train
2120	X_train
774	X_train
6029	X_train
1175	X_train
747	X_train
6070	X_train
3265	X_train
83	X_train
757	X_train
3255	X_train
798	X_train
1049	X_train
1108	X_train
3221	X_train
2531	X_train
809	X_train
7452	X_train
6053	X_train
2161	X_train
433	X_train
7429	X_train
17	X_train
2210	X_train
1229	X_train
4625	X_train
1872	X_train
2612	X_train
1820	X_train
366	X_train
4554	X_train
1275	X_train
1125	X_train
1819	X_train
2601	X_train
3247	X_train
1590	X_train
3317	X_train
1850	X_train
1525	X_train
2090	X_train
750	X_train
6086	X_train
2111	X_train
2907	X_train
1053	X_train
452	X_train
356	X_train
6062	X_train
805	X_train
1112	X_train
4527	X_train
28	X_train
6042	X_train
2535	X_train
3206	X_train
3298	X_train
2906	X_train
444	X_train
4595	X_train
391	X_train
7450	X_train
6074	X_train
7414	X_train
4652	X_train
1862	X_train
1799	X_train
2549	X_train
2212	X_train
2925	X_train
2110	X_train
2221	X_train
469	X_train
3190	X_train
6046	X_train
792	X_train
1240	X_train
1533	X_train
1548	X_train
1122	X_train
1062	X_train
2955	X_train
7449	X_train
2951	X_train
1599	X_train
2584	X_train
1138	X_train
466	X_train
821	X_train
6058	X_train
2978	X_train
1265	X_train
7422	X_train
3276	X_train
2132	X_train
7405	X_train
718	X_train
752	X_train
4636	X_train
2935	X_train
4529	X_train
448	X_train
58	X_train
5991	X_train
2121	X_train
4567	X_train
2883	X_train
1201	X_train
4521	X_train
3300	X_train
104	X_train
1140	X_train
2237	X_train
3236	X_train
742	X_train
405	X_train
2158	X_train
99	X_train
1075	X_train
815	X_train
3215	X_train
1563	X_train
6090	X_train
2171	X_train
2140	X_train
5990	X_train
1891	X_train
6027	X_train
441	X_train
3257	X_train
6101	X_train
2919	X_train
2162	X_train
7398	X_train
7390	X_train
1253	X_train
1262	X_train
741	X_train
1184	X_train
3294	X_train
2922	X_train
1841	X_train
2119	X_train
799	X_train
2908	X_train
1246	X_train
1132	X_train
4655	X_train
463	X_train
2930	X_train
1237	X_train
2179	X_train
2182	X_train
2929	X_train
1068	X_train
833	X_train
4663	X_train
31	X_train
2107	X_train
6008	X_train
2976	X_train
7501	X_train
6068	X_train
7413	X_train
2231	X_train
384	X_train
80	X_train
1093	X_train
2587	X_train
2610	X_train
1827	X_train
1257	X_train
1276	X_train
4584	X_train
7485	X_train
1092	X_train
1163	X_train
2957	X_train
4659	X_train
802	X_train
2545	X_train
2106	X_train
4573	X_train
4617	X_train
2595	X_train
1170	X_train
1079	X_train
1248	X_train
2598	X_train
756	X_train
7474	X_train
1546	X_train
2592	X_train
1105	X_train
1050	X_train
2920	X_train
95	X_train
1283	X_train
1573	X_train
60	X_train
48	X_train
2963	X_train
4658	X_train
3195	X_train
1851	X_train
84	X_train
2588	X_train
4619	X_train
381	X_train
1521	X_train
458	X_train
402	X_train
1842	X_train
1592	X_train
766	X_train
2125	X_train
4606	X_train
385	X_train
1815	X_train
4634	X_train
1813	X_train
460	X_train
7478	X_train
4618	X_train
1178	X_train
1588	X_train
3268	X_train
6061	X_train
1200	X_train
739	X_train
3214	X_train
736	X_train
6025	X_train
2953	X_train
1510	X_train
2142	X_train
2962	X_train
6077	X_train
1156	X_train
3196	X_train
7439	X_train
1560	X_train
827	X_train
712	X_train
425	X_train
1211	X_train
3316	X_train
2199	X_train
830	X_train
1126	X_train
2591	X_train
2886	X_train
6011	X_train
4610	X_train
6035	X_train
2168	X_train
2563	X_train
1133	X_train
3243	X_train
6100	X_train
1796	X_train
1532	X_train
2178	X_train
3275	X_train
1094	X_train
1089	X_train
2124	X_train
2105	X_train
1523	X_train
2187	X_train
1883	X_train
4583	X_train
1074	X_train
1845	X_train
1812	X_train
1128	X_train
2227	X_train
732	X_train
7402	X_train
1567	X_train
2947	X_train
2968	X_train
2108	X_train
57	X_train
4536	X_train
6007	X_train
2893	X_train
4558	X_train
4616	X_train
1805	X_train
1543	X_train
725	X_train
2138	X_train
1166	X_train
1088	X_train
26	X_train
4640	X_train
5989	X_train
1823	X_train
1866	X_train
2979	X_train
424	X_train
2225	X_train
7461	X_train
7431	X_train
2552	X_train
1518	X_train
6065	X_train
4560	X_train
3229	X_train
1153	X_train
1498	X_train
2959	X_train
2562	X_train
2101	X_train
1536	X_train
41	X_train
767	X_train
2085	X_train
1864	X_train
4574	X_train
2204	X_train
2103	X_train
726	X_train
363	X_train
4547	X_train
1234	X_train
1052	X_train
1558	X_train
4596	X_train
2559	X_train
807	X_train
7434	X_train
3253	X_train
1836	X_train
1583	X_train
4542	X_train
2088	X_train
371	X_train
1182	X_train
468	X_train
738	X_train
1228	X_train
776	X_train
1598	X_train
1834	X_train
1885	X_train
2894	X_train
1800	X_train
1792	X_train
16	X_train
1152	X_train
800	X_train
4646	X_train
15	X_train
1259	X_train
3289	X_train
472	X_train
1160	X_train
2084	X_train
4519	X_train
3217	X_train
3	X_train
2202	X_train
462	X_train
430	X_train
2169	X_train
1197	X_train
1159	X_train
1255	X_train
1150	X_train
2937	X_train
5996	X_train
6036	X_train
432	X_train
7409	X_train
112	X_train
3187	X_train
2195	X_train
4589	X_train
4624	X_train
411	X_train
1802	X_train
2136	X_train
107	X_train
3305	X_train
4552	X_train
439	X_train
6080	X_train
7457	X_train
2574	X_train
722	X_train
1143	X_train
2539	X_train
2127	X_train
4591	X_train
1569	X_train
1501	X_train
1798	X_train
1553	X_train
2956	X_train
1859	X_train
2128	X_train
7400	X_train
2153	X_train
2219	X_train
1146	X_train
4660	X_train
4623	X_train
2581	X_train
7444	X_train
1142	X_train
2568	X_train
4613	X_train
2571	X_train
52	X_train
7451	X_train
2945	X_train
3235	X_train
1822	X_train
7441	X_train
788	X_train
2163	X_train
7437	X_train
1057	X_train
1519	X_train
3202	X_train
7459	X_train
449	X_train
7393	X_train
3309	X_train
1167	X_train
86	X_train
1506	X_train
6060	X_train
2154	X_train
1551	X_train
109	X_train
7482	X_train
410	X_train
5987	X_train
67	X_train
4568	X_train
1867	X_train
376	X_train
1076	X_train
1055	X_train
1591	y_train
2117	y_train
1791	y_train
1220	y_train
6079	y_train
1526	y_train
2946	y_train
413	y_train
7477	y_train
2577	y_train
1180	y_train
2914	y_train
7423	y_train
7403	y_train
1852	y_train
2213	y_train
49	y_train
3279	y_train
2173	y_train
6066	y_train
768	y_train
79	y_train
3199	y_train
2141	y_train
2917	y_train
2981	y_train
3292	y_train
1251	y_train
394	y_train
2234	y_train
4533	y_train
5985	y_train
3304	y_train
3225	y_train
2091	y_train
3297	y_train
1205	y_train
2965	y_train
355	y_train
93	y_train
2609	y_train
404	y_train
4570	y_train
2551	y_train
1169	y_train
7420	y_train
2076	y_train
375	y_train
7428	y_train
1509	y_train
3321	y_train
440	y_train
1564	y_train
1226	y_train
1861	y_train
3280	y_train
2944	y_train
2130	y_train
6039	y_train
1130	y_train
2614	y_train
3315	y_train
1837	y_train
2918	y_train
438	y_train
20	y_train
2165	y_train
1586	y_train
6034	y_train
456	y_train
1855	y_train
396	y_train
4600	y_train
3223	y_train
354	y_train
3211	y_train
2915	y_train
108	y_train
2973	y_train
831	y_train
408	y_train
7446	y_train
2553	y_train
1545	y_train
4605	y_train
7479	y_train
3306	y_train
4599	y_train
1215	y_train
1496	y_train
2233	y_train
426	y_train
1067	y_train
465	y_train
1272	y_train
1871	y_train
1174	y_train
6041	y_train
771	y_train
7492	y_train
4643	y_train
1099	y_train
1115	y_train
4566	y_train
2226	y_train
3219	y_train
7471	y_train
9	y_train
1061	y_train
69	y_train
2241	y_train
2933	y_train
2115	y_train
1155	y_train
2223	y_train
3201	y_train
2542	y_train
2209	y_train
6078	y_train
4649	y_train
445	y_train
1570	y_train
1582	y_train
7394	y_train
1803	y_train
4608	y_train
59	y_train
3282	y_train
6003	y_train
1164	y_train
4526	y_train
1549	y_train
1279	y_train
4522	y_train
7430	y_train
2218	y_train
2911	y_train
1581	y_train
1495	y_train
1494	y_train
1116	y_train
434	y_train
1269	y_train
7473	y_train
783	y_train
1537	y_train
7496	y_train
5988	y_train
1136	y_train
1066	y_train
70	y_train
2902	y_train
403	y_train
2583	y_train
2216	y_train
45	y_train
2201	y_train
1890	y_train
2238	y_train
360	y_train
96	y_train
727	y_train
1571	y_train
3311	y_train
2174	y_train
3302	y_train
2903	y_train
2203	y_train
3194	y_train
778	y_train
7392	y_train
751	y_train
3222	y_train
6084	y_train
2200	y_train
2143	y_train
4597	y_train
2086	y_train
1555	y_train
2974	y_train
6075	y_train
7464	y_train
1183	y_train
467	y_train
780	y_train
6098	y_train
1513	y_train
1249	y_train
2983	y_train
2967	y_train
4639	y_train
471	y_train
2558	y_train
1597	y_train
826	y_train
3227	y_train
3296	y_train
2966	y_train
97	y_train
2190	y_train
2217	y_train
4585	y_train
1145	y_train
4603	y_train
1096	y_train
1889	y_train
1497	y_train
2924	y_train
1888	y_train
744	y_train
111	y_train
716	y_train
1502	y_train
3277	y_train
1148	y_train
1247	y_train
1577	y_train
2923	y_train
3251	y_train
14	y_train
1224	y_train
754	y_train
2189	y_train
769	y_train
2150	y_train
3291	y_train
3259	y_train
1554	y_train
4546	y_train
2144	y_train
782	y_train
2155	y_train
2089	y_train
7497	y_train
2166	y_train
3186	y_train
1843	y_train
6013	y_train
450	y_train
362	y_train
730	y_train
429	y_train
1266	y_train
7466	y_train
2590	y_train
1869	y_train
1821	y_train
1214	y_train
6018	y_train
370	y_train
2116	y_train
2579	y_train
455	y_train
3293	y_train
40	y_train
457	y_train
1804	y_train
4563	y_train
2913	y_train
6067	y_train
2537	y_train
1277	y_train
1242	y_train
4523	y_train
2235	y_train
3288	y_train
7391	y_train
1209	y_train
2206	y_train
1102	y_train
7494	y_train
814	y_train
3256	y_train
1278	y_train
1206	y_train
6049	y_train
6063	y_train
7443	y_train
6044	y_train
2100	y_train
1260	y_train
357	y_train
364	y_train
100	y_train
2565	y_train
4532	y_train
81	y_train
3192	y_train
7389	y_train
1540	y_train
4564	y_train
2123	y_train
1584	y_train
4582	y_train
1508	y_train
2889	y_train
3318	y_train
2941	y_train
2940	y_train
3197	y_train
24	y_train
6024	y_train
763	y_train
2585	y_train
25	y_train
1072	y_train
1565	y_train
3240	y_train
793	y_train
1165	y_train
397	y_train
1529	y_train
2597	y_train
1233	y_train
4641	y_train
2530	y_train
2615	y_train
7426	y_train
1552	y_train
1086	y_train
65	y_train
75	y_train
4580	y_train
3209	y_train
7490	y_train
1811	y_train
2534	y_train
3258	y_train
1084	y_train
2594	y_train
4586	y_train
1856	y_train
18	y_train
1500	y_train
1857	y_train
4602	y_train
2112	y_train
2177	y_train
2605	y_train
1575	y_train
6052	y_train
1507	y_train
2984	y_train
4593	y_train
382	y_train
2222	y_train
353	y_train
7404	y_train
427	y_train
2148	y_train
7498	y_train
4581	y_train
2240	y_train
1884	y_train
1106	y_train
4601	y_train
2197	y_train
4534	y_train
2567	y_train
7388	y_train
717	y_train
5984	y_train
804	y_train
5992	y_train
446	y_train
3205	y_train
1602	y_train
777	y_train
6088	y_train
2170	y_train
1530	y_train
2242	y_train
2942	y_train
4631	y_train
3284	y_train
3230	y_train
1227	y_train
359	y_train
4541	y_train
414	y_train
4632	y_train
3266	y_train
1808	y_train
759	y_train
7	y_train
2593	y_train
2232	y_train
770	y_train
3303	y_train
1139	y_train
6056	y_train
2236	y_train
6028	y_train
1280	y_train
789	y_train
63	y_train
1868	y_train
1504	y_train
34	y_train
358	y_train
73	y_train
5	y_train
1542	y_train
4615	y_train
50	y_train
417	y_train
1189	y_train
3246	y_train
5999	y_train
1190	y_train
794	y_train
2134	y_train
787	y_train
2096	y_train
3224	y_train
779	y_train
4556	y_train
723	y_train
92	y_train
2133	y_train
761	y_train
1824	y_train
1207	y_train
1054	y_train
1574	y_train
1144	y_train
1514	y_train
1534	y_train
461	y_train
7448	y_train
76	y_train
745	y_train
1196	y_train
464	y_train
795	y_train
1847	y_train
113	y_train
1881	y_train
3238	y_train
2180	y_train
2109	y_train
3200	y_train
7467	y_train
2570	y_train
1580	y_train
54	y_train
2533	y_train
2215	y_train
4644	y_train
2147	y_train
2932	y_train
1070	y_train
2191	y_train
3283	y_train
4662	y_train
753	y_train
2135	y_train
2550	y_train
1876	y_train
2943	y_train
1118	y_train
720	y_train
4650	y_train
2186	y_train
6083	y_train
1873	y_train
1261	y_train
1056	y_train
2220	y_train
454	y_train
55	y_train
1877	y_train
1596	y_train
1600	y_train
3314	y_train
2884	y_train
37	y_train
2118	y_train
2958	y_train
1566	y_train
1051	y_train
1263	y_train
2183	y_train
2113	y_train
3320	y_train
2928	y_train
3249	y_train
1870	y_train
764	y_train
1048	y_train
6076	y_train
749	y_train
3264	y_train
4550	y_train
72	y_train
7453	y_train
1091	y_train
1081	y_train
1267	y_train
819	y_train
773	y_train
3241	y_train
399	y_train
2564	y_train
1860	y_train
7416	y_train
8	y_train
3308	y_train
3232	y_train
1236	y_train
2184	y_train
2532	y_train
6009	y_train
374	y_train
1516	y_train
6055	y_train
1838	y_train
1831	y_train
4524	y_train
6033	y_train
7412	y_train
2131	y_train
3203	y_train
6020	y_train
829	y_train
719	y_train
2205	y_train
3286	y_train
7465	y_train
2080	y_train
2181	y_train
1134	y_train
2895	y_train
7440	y_train
2977	y_train
3226	y_train
4538	y_train
1171	y_train
6	y_train
1256	y_train
2538	y_train
4557	y_train
428	y_train
7495	y_train
2589	y_train
1104	y_train
2954	y_train
415	y_train
4651	y_train
1512	y_train
32	y_train
56	y_train
746	y_train
4575	y_train
1192	y_train
2900	y_train
2888	y_train
785	y_train
737	y_train
2580	y_train
2602	y_train
6031	y_train
6085	y_train
3281	y_train
412	y_train
4565	y_train
2950	y_train
4661	y_train
1195	y_train
2087	y_train
42	y_train
2122	y_train
87	y_train
1187	y_train
1222	y_train
2157	y_train
3254	y_train
1878	y_train
2243	y_train
2885	y_train
2905	y_train
1863	y_train
102	y_train
6071	y_train
1221	y_train
30	y_train
1120	y_train
6030	y_train
4531	y_train
1101	y_train
1886	y_train
1556	y_train
1839	y_train
3252	y_train
2094	y_train
392	y_train
1585	y_train
1576	y_train
7408	y_train
6064	y_train
453	y_train
101	y_train
4548	y_train
2921	y_train
459	y_train
7469	y_train
4621	y_train
4594	y_train
765	y_train
5994	y_train
387	y_train
373	y_train
4587	y_train
2948	y_train
796	y_train
1097	y_train
820	y_train
110	y_train
729	y_train
4543	y_train
2557	y_train
0	y_train
6032	y_train
3210	y_train
1880	y_train
2	y_train
721	y_train
2077	y_train
51	y_train
4654	y_train
78	y_train
7480	y_train
1123	y_train
715	y_train
2576	y_train
7432	y_train
379	y_train
1854	y_train
1825	y_train
2083	y_train
3272	y_train
1503	y_train
2156	y_train
7454	y_train
2081	y_train
1090	y_train
4653	y_train
828	y_train
4607	y_train
1832	y_train
1593	y_train
47	y_train
1149	y_train
473	y_train
1203	y_train
1188	y_train
4642	y_train
3244	y_train
6045	y_train
1270	y_train
470	y_train
728	y_train
2596	y_train
1528	y_train
1064	y_train
6014	y_train
3295	y_train
106	y_train
4555	y_train
2207	y_train
3313	y_train
1194	y_train
3307	y_train
4604	y_train
1095	y_train
1157	y_train
1225	y_train
7397	y_train
4576	y_train
1181	y_train
1797	y_train
35	y_train
786	y_train
1281	y_train
811	y_train
4539	y_train
1059	y_train
7488	y_train
2938	y_train
4540	y_train
4620	y_train
1243	y_train
1103	y_train
77	y_train
4559	y_train
1176	y_train
803	y_train
1235	y_train
1511	y_train
2934	y_train
7447	y_train
1499	y_train
6000	y_train
6047	y_train
422	y_train
82	y_train
2910	y_train
5993	y_train
2188	y_train
4657	y_train
367	y_train
2185	y_train
4551	y_train
2214	y_train
1078	y_train
2985	y_train
2239	y_train
1058	y_train
85	y_train
2543	y_train
2896	y_train
6004	y_train
2192	y_train
406	y_train
2129	y_train
2149	y_train
1589	y_train
400	y_train
2931	y_train
1114	y_train
781	y_train
2569	y_train
1212	y_train
6057	y_train
2890	y_train
3193	y_train
4647	y_train
1807	y_train
4592	y_train
1801	y_train
3228	y_train
775	y_train
2164	y_train
1816	y_train
2541	y_train
2600	y_train
7396	y_train
419	y_train
68	y_train
2608	y_train
7500	y_train
1879	y_train
755	y_train
1168	y_train
3269	y_train
7499	y_train
6017	y_train
1795	y_train
2916	y_train
6012	y_train
6016	y_train
1232	y_train
368	y_train
5997	y_train
2936	y_train
2160	y_train
2892	y_train
758	y_train
1538	y_train
7460	y_train
2607	y_train
11	y_train
4598	y_train
88	y_train
2616	y_train
23	y_train
1578	y_train
418	y_train
1844	y_train
1173	y_train
743	y_train
1809	y_train
2572	y_train
2960	y_train
38	y_train
1517	y_train
4588	y_train
4622	y_train
1557	y_train
3322	y_train
6026	y_train
1119	y_train
6010	y_train
2224	y_train
2176	y_train
53	y_train
1100	y_train
351	y_train
740	y_train
1865	y_train
36	y_train
1828	y_train
4629	y_train
3274	y_train
6095	y_train
825	y_train
6040	y_train
1806	y_train
1135	y_train
90	y_train
1071	y_train
6015	y_train
6082	y_train
389	y_train
365	y_train
2961	y_train
3188	y_train
1282	y_train
1204	y_train
3271	y_train
378	y_train
7436	y_train
3267	y_train
6048	y_train
6001	y_train
1887	y_train
1601	y_train
3218	y_train
1083	y_train
1245	y_train
7445	y_train
3260	y_train
7470	y_train
6069	y_train
1073	y_train
4549	y_train
2230	y_train
4609	y_train
10	y_train
1077	y_train
1848	y_train
4630	y_train
2969	y_train
2079	y_train
4645	y_train
443	y_train
2099	y_train
1	y_train
4561	y_train
4	y_train
91	y_train
2145	y_train
4562	y_train
2546	y_train
748	y_train
2092	y_train
7401	y_train
6043	y_train
2228	y_train
1853	y_train
2891	y_train
1141	y_train
4590	y_train
386	y_train
7481	y_train
2599	y_train
6019	y_train
2104	y_train
762	y_train
1274	y_train
421	y_train
1213	y_train
1544	y_train
832	y_train
3301	y_train
436	y_train
3278	y_train
1894	y_train
1063	y_train
3285	y_train
6093	y_train
2582	y_train
3191	y_train
2573	y_train
1833	y_train
46	y_train
6096	y_train
2971	y_train
2982	y_train
2926	y_train
383	y_train
7421	y_train
2975	y_train
2120	y_train
774	y_train
6029	y_train
1175	y_train
747	y_train
6070	y_train
3265	y_train
83	y_train
757	y_train
3255	y_train
798	y_train
1049	y_train
1108	y_train
3221	y_train
2531	y_train
809	y_train
7452	y_train
6053	y_train
2161	y_train
433	y_train
7429	y_train
17	y_train
2210	y_train
1229	y_train
4625	y_train
1872	y_train
2612	y_train
1820	y_train
366	y_train
4554	y_train
1275	y_train
1125	y_train
1819	y_train
2601	y_train
3247	y_train
1590	y_train
3317	y_train
1850	y_train
1525	y_train
2090	y_train
750	y_train
6086	y_train
2111	y_train
2907	y_train
1053	y_train
452	y_train
356	y_train
6062	y_train
805	y_train
1112	y_train
4527	y_train
28	y_train
6042	y_train
2535	y_train
3206	y_train
3298	y_train
2906	y_train
444	y_train
4595	y_train
391	y_train
7450	y_train
6074	y_train
7414	y_train
4652	y_train
1862	y_train
1799	y_train
2549	y_train
2212	y_train
2925	y_train
2110	y_train
2221	y_train
469	y_train
3190	y_train
6046	y_train
792	y_train
1240	y_train
1533	y_train
1548	y_train
1122	y_train
1062	y_train
2955	y_train
7449	y_train
2951	y_train
1599	y_train
2584	y_train
1138	y_train
466	y_train
821	y_train
6058	y_train
2978	y_train
1265	y_train
7422	y_train
3276	y_train
2132	y_train
7405	y_train
718	y_train
752	y_train
4636	y_train
2935	y_train
4529	y_train
448	y_train
58	y_train
5991	y_train
2121	y_train
4567	y_train
2883	y_train
1201	y_train
4521	y_train
3300	y_train
104	y_train
1140	y_train
2237	y_train
3236	y_train
742	y_train
405	y_train
2158	y_train
99	y_train
1075	y_train
815	y_train
3215	y_train
1563	y_train
6090	y_train
2171	y_train
2140	y_train
5990	y_train
1891	y_train
6027	y_train
441	y_train
3257	y_train
6101	y_train
2919	y_train
2162	y_train
7398	y_train
7390	y_train
1253	y_train
1262	y_train
741	y_train
1184	y_train
3294	y_train
2922	y_train
1841	y_train
2119	y_train
799	y_train
2908	y_train
1246	y_train
1132	y_train
4655	y_train
463	y_train
2930	y_train
1237	y_train
2179	y_train
2182	y_train
2929	y_train
1068	y_train
833	y_train
4663	y_train
31	y_train
2107	y_train
6008	y_train
2976	y_train
7501	y_train
6068	y_train
7413	y_train
2231	y_train
384	y_train
80	y_train
1093	y_train
2587	y_train
2610	y_train
1827	y_train
1257	y_train
1276	y_train
4584	y_train
7485	y_train
1092	y_train
1163	y_train
2957	y_train
4659	y_train
802	y_train
2545	y_train
2106	y_train
4573	y_train
4617	y_train
2595	y_train
1170	y_train
1079	y_train
1248	y_train
2598	y_train
756	y_train
7474	y_train
1546	y_train
2592	y_train
1105	y_train
1050	y_train
2920	y_train
95	y_train
1283	y_train
1573	y_train
60	y_train
48	y_train
2963	y_train
4658	y_train
3195	y_train
1851	y_train
84	y_train
2588	y_train
4619	y_train
381	y_train
1521	y_train
458	y_train
402	y_train
1842	y_train
1592	y_train
766	y_train
2125	y_train
4606	y_train
385	y_train
1815	y_train
4634	y_train
1813	y_train
460	y_train
7478	y_train
4618	y_train
1178	y_train
1588	y_train
3268	y_train
6061	y_train
1200	y_train
739	y_train
3214	y_train
736	y_train
6025	y_train
2953	y_train
1510	y_train
2142	y_train
2962	y_train
6077	y_train
1156	y_train
3196	y_train
7439	y_train
1560	y_train
827	y_train
712	y_train
425	y_train
1211	y_train
3316	y_train
2199	y_train
830	y_train
1126	y_train
2591	y_train
2886	y_train
6011	y_train
4610	y_train
6035	y_train
2168	y_train
2563	y_train
1133	y_train
3243	y_train
6100	y_train
1796	y_train
1532	y_train
2178	y_train
3275	y_train
1094	y_train
1089	y_train
2124	y_train
2105	y_train
1523	y_train
2187	y_train
1883	y_train
4583	y_train
1074	y_train
1845	y_train
1812	y_train
1128	y_train
2227	y_train
732	y_train
7402	y_train
1567	y_train
2947	y_train
2968	y_train
2108	y_train
57	y_train
4536	y_train
6007	y_train
2893	y_train
4558	y_train
4616	y_train
1805	y_train
1543	y_train
725	y_train
2138	y_train
1166	y_train
1088	y_train
26	y_train
4640	y_train
5989	y_train
1823	y_train
1866	y_train
2979	y_train
424	y_train
2225	y_train
7461	y_train
7431	y_train
2552	y_train
1518	y_train
6065	y_train
4560	y_train
3229	y_train
1153	y_train
1498	y_train
2959	y_train
2562	y_train
2101	y_train
1536	y_train
41	y_train
767	y_train
2085	y_train
1864	y_train
4574	y_train
2204	y_train
2103	y_train
726	y_train
363	y_train
4547	y_train
1234	y_train
1052	y_train
1558	y_train
4596	y_train
2559	y_train
807	y_train
7434	y_train
3253	y_train
1836	y_train
1583	y_train
4542	y_train
2088	y_train
371	y_train
1182	y_train
468	y_train
738	y_train
1228	y_train
776	y_train
1598	y_train
1834	y_train
1885	y_train
2894	y_train
1800	y_train
1792	y_train
16	y_train
1152	y_train
800	y_train
4646	y_train
15	y_train
1259	y_train
3289	y_train
472	y_train
1160	y_train
2084	y_train
4519	y_train
3217	y_train
3	y_train
2202	y_train
462	y_train
430	y_train
2169	y_train
1197	y_train
1159	y_train
1255	y_train
1150	y_train
2937	y_train
5996	y_train
6036	y_train
432	y_train
7409	y_train
112	y_train
3187	y_train
2195	y_train
4589	y_train
4624	y_train
411	y_train
1802	y_train
2136	y_train
107	y_train
3305	y_train
4552	y_train
439	y_train
6080	y_train
7457	y_train
2574	y_train
722	y_train
1143	y_train
2539	y_train
2127	y_train
4591	y_train
1569	y_train
1501	y_train
1798	y_train
1553	y_train
2956	y_train
1859	y_train
2128	y_train
7400	y_train
2153	y_train
2219	y_train
1146	y_train
4660	y_train
4623	y_train
2581	y_train
7444	y_train
1142	y_train
2568	y_train
4613	y_train
2571	y_train
52	y_train
7451	y_train
2945	y_train
3235	y_train
1822	y_train
7441	y_train
788	y_train
2163	y_train
7437	y_train
1057	y_train
1519	y_train
3202	y_train
7459	y_train
449	y_train
7393	y_train
3309	y_train
1167	y_train
86	y_train
1506	y_train
6060	y_train
2154	y_train
1551	y_train
109	y_train
7482	y_train
410	y_train
5987	y_train
67	y_train
4568	y_train
1867	y_train
376	y_train
1076	y_train
1055	y_train
6006	y_test
4528	y_test
2970	y_test
4577	y_test
1127	y_test
64	y_test
3242	y_test
2167	y_test
1147	y_test
2544	y_test
6092	y_test
2126	y_test
3234	y_test
2912	y_test
1258	y_test
1595	y_test
2909	y_test
7417	y_test
2082	y_test
1098	y_test
1535	y_test
1264	y_test
1231	y_test
369	y_test
3237	y_test
380	y_test
6072	y_test
4637	y_test
431	y_test
3204	y_test
1179	y_test
724	y_test
27	y_test
2949	y_test
1527	y_test
772	y_test
94	y_test
5986	y_test
2606	y_test
447	y_test
2575	y_test
6087	y_test
2196	y_test
2137	y_test
435	y_test
4633	y_test
1241	y_test
7472	y_test
6094	y_test
1216	y_test
2554	y_test
4569	y_test
817	y_test
1185	y_test
1172	y_test
7455	y_test
3216	y_test
1550	y_test
2901	y_test
6097	y_test
4635	y_test
1210	y_test
2146	y_test
1199	y_test
1524	y_test
6059	y_test
2151	y_test
1191	y_test
2097	y_test
442	y_test
2898	y_test
1830	y_test
7424	y_test
3207	y_test
1113	y_test
7399	y_test
1110	y_test
21	y_test
1531	y_test
1840	y_test
7458	y_test
1893	y_test
7425	y_test
1572	y_test
4525	y_test
3263	y_test
2887	y_test
1515	y_test
6023	y_test
7435	y_test
812	y_test
4626	y_test
3239	y_test
1814	y_test
816	y_test
6005	y_test
2536	y_test
1250	y_test
1069	y_test
2556	y_test
6021	y_test
2939	y_test
1129	y_test
1810	y_test
1177	y_test
6081	y_test
4571	y_test
409	y_test
2547	y_test
4648	y_test
1849	y_test
822	y_test
1239	y_test
7468	y_test
437	y_test
713	y_test
791	y_test
5998	y_test
7475	y_test
398	y_test
1790	y_test
790	y_test
823	y_test
784	y_test
2560	y_test
388	y_test
2952	y_test
2904	y_test
7489	y_test
6037	y_test
3220	y_test
1161	y_test
7484	y_test
89	y_test
1202	y_test
19	y_test
1230	y_test
6038	y_test
735	y_test
7407	y_test
2208	y_test
806	y_test
2198	y_test
4614	y_test
2897	y_test
835	y_test
451	y_test
1522	y_test
801	y_test
423	y_test
1826	y_test
7491	y_test
6054	y_test
1793	y_test
105	y_test
3208	y_test
1846	y_test
401	y_test
7438	y_test
1594	y_test
1218	y_test
7411	y_test
13	y_test
3312	y_test
1539	y_test
6051	y_test
1109	y_test
352	y_test
1561	y_test
1193	y_test
1858	y_test
372	y_test
2604	y_test
1794	y_test
4530	y_test
2586	y_test
2964	y_test
1882	y_test
4579	y_test
1117	y_test
2172	y_test
1107	y_test
1124	y_test
4612	y_test
1082	y_test
3287	y_test
1223	y_test
4520	y_test
2159	y_test
3319	y_test
98	y_test
4572	y_test
2194	y_test
4628	y_test
2193	y_test
734	y_test
1198	y_test
1186	y_test
4638	y_test
1121	y_test
1244	y_test
1520	y_test
29	y_test
74	y_test
6099	y_test
2229	y_test
1217	y_test
33	y_test
1060	y_test
71	y_test
4627	y_test
1131	y_test
7462	y_test
813	y_test
1273	y_test
1505	y_test
3273	y_test
824	y_test
834	y_test
2611	y_test
2540	y_test
4578	y_test
1162	y_test
1252	y_test
3310	y_test
4535	y_test
7486	y_test
2102	y_test
2899	y_test
1254	y_test
7476	y_test
114	y_test
7410	y_test
2093	y_test
1817	y_test
103	y_test
1579	y_test
1603	y_test
3262	y_test
1047	y_test
3261	y_test
3245	y_test
3250	y_test
1587	y_test
1875	y_test
1271	y_test
7395	y_test
1835	y_test
3212	y_test
7427	y_test
7418	y_test
66	y_test
22	y_test
2603	y_test
2078	y_test
361	y_test
4656	y_test
7483	y_test
1111	y_test
818	y_test
1087	y_test
731	y_test
62	y_test
2555	y_test
1219	y_test
7442	y_test
4553	y_test
3213	y_test
3290	y_test
733	y_test
2578	y_test
43	y_test
1238	y_test
2548	y_test
6022	y_test
1568	y_test
1137	y_test
1559	y_test
6091	y_test
6002	y_test
808	y_test
2561	y_test
2972	y_test
3233	y_test
7493	y_test
2152	y_test
2566	y_test
1829	y_test
1065	y_test
4544	y_test
1080	y_test
416	y_test
4537	y_test
7419	y_test
2211	y_test
3270	y_test
377	y_test
1158	y_test
390	y_test
7463	y_test
1268	y_test
44	y_test
2613	y_test
1541	y_test
39	y_test
3231	y_test
420	y_test
3299	y_test
3189	y_test
2095	y_test
393	y_test
407	y_test
3248	y_test
797	y_test
1892	y_test
4545	y_test
2139	y_test
7433	y_test
2114	y_test
760	y_test
12	y_test
4611	y_test
395	y_test
1151	y_test
1562	y_test
714	y_test
1208	y_test
1085	y_test
61	y_test
3198	y_test
1874	y_test
810	y_test
2980	y_test
2098	y_test
3323	y_test
6006	X_test
4528	X_test
2970	X_test
4577	X_test
1127	X_test
64	X_test
3242	X_test
2167	X_test
1147	X_test
2544	X_test
6092	X_test
2126	X_test
3234	X_test
2912	X_test
1258	X_test
1595	X_test
2909	X_test
7417	X_test
2082	X_test
1098	X_test
1535	X_test
1264	X_test
1231	X_test
369	X_test
3237	X_test
380	X_test
6072	X_test
4637	X_test
431	X_test
3204	X_test
1179	X_test
724	X_test
27	X_test
2949	X_test
1527	X_test
772	X_test
94	X_test
5986	X_test
2606	X_test
447	X_test
2575	X_test
6087	X_test
2196	X_test
2137	X_test
435	X_test
4633	X_test
1241	X_test
7472	X_test
6094	X_test
1216	X_test
2554	X_test
4569	X_test
817	X_test
1185	X_test
1172	X_test
7455	X_test
3216	X_test
1550	X_test
2901	X_test
6097	X_test
4635	X_test
1210	X_test
2146	X_test
1199	X_test
1524	X_test
6059	X_test
2151	X_test
1191	X_test
2097	X_test
442	X_test
2898	X_test
1830	X_test
7424	X_test
3207	X_test
1113	X_test
7399	X_test
1110	X_test
21	X_test
1531	X_test
1840	X_test
7458	X_test
1893	X_test
7425	X_test
1572	X_test
4525	X_test
3263	X_test
2887	X_test
1515	X_test
6023	X_test
7435	X_test
812	X_test
4626	X_test
3239	X_test
1814	X_test
816	X_test
6005	X_test
2536	X_test
1250	X_test
1069	X_test
2556	X_test
6021	X_test
2939	X_test
1129	X_test
1810	X_test
1177	X_test
6081	X_test
4571	X_test
409	X_test
2547	X_test
4648	X_test
1849	X_test
822	X_test
1239	X_test
7468	X_test
437	X_test
713	X_test
791	X_test
5998	X_test
7475	X_test
398	X_test
1790	X_test
790	X_test
823	X_test
784	X_test
2560	X_test
388	X_test
2952	X_test
2904	X_test
7489	X_test
6037	X_test
3220	X_test
1161	X_test
7484	X_test
89	X_test
1202	X_test
19	X_test
1230	X_test
6038	X_test
735	X_test
7407	X_test
2208	X_test
806	X_test
2198	X_test
4614	X_test
2897	X_test
835	X_test
451	X_test
1522	X_test
801	X_test
423	X_test
1826	X_test
7491	X_test
6054	X_test
1793	X_test
105	X_test
3208	X_test
1846	X_test
401	X_test
7438	X_test
1594	X_test
1218	X_test
7411	X_test
13	X_test
3312	X_test
1539	X_test
6051	X_test
1109	X_test
352	X_test
1561	X_test
1193	X_test
1858	X_test
372	X_test
2604	X_test
1794	X_test
4530	X_test
2586	X_test
2964	X_test
1882	X_test
4579	X_test
1117	X_test
2172	X_test
1107	X_test
1124	X_test
4612	X_test
1082	X_test
3287	X_test
1223	X_test
4520	X_test
2159	X_test
3319	X_test
98	X_test
4572	X_test
2194	X_test
4628	X_test
2193	X_test
734	X_test
1198	X_test
1186	X_test
4638	X_test
1121	X_test
1244	X_test
1520	X_test
29	X_test
74	X_test
6099	X_test
2229	X_test
1217	X_test
33	X_test
1060	X_test
71	X_test
4627	X_test
1131	X_test
7462	X_test
813	X_test
1273	X_test
1505	X_test
3273	X_test
824	X_test
834	X_test
2611	X_test
2540	X_test
4578	X_test
1162	X_test
1252	X_test
3310	X_test
4535	X_test
7486	X_test
2102	X_test
2899	X_test
1254	X_test
7476	X_test
114	X_test
7410	X_test
2093	X_test
1817	X_test
103	X_test
1579	X_test
1603	X_test
3262	X_test
1047	X_test
3261	X_test
3245	X_test
3250	X_test
1587	X_test
1875	X_test
1271	X_test
7395	X_test
1835	X_test
3212	X_test
7427	X_test
7418	X_test
66	X_test
22	X_test
2603	X_test
2078	X_test
361	X_test
4656	X_test
7483	X_test
1111	X_test
818	X_test
1087	X_test
731	X_test
62	X_test
2555	X_test
1219	X_test
7442	X_test
4553	X_test
3213	X_test
3290	X_test
733	X_test
2578	X_test
43	X_test
1238	X_test
2548	X_test
6022	X_test
1568	X_test
1137	X_test
1559	X_test
6091	X_test
6002	X_test
808	X_test
2561	X_test
2972	X_test
3233	X_test
7493	X_test
2152	X_test
2566	X_test
1829	X_test
1065	X_test
4544	X_test
1080	X_test
416	X_test
4537	X_test
7419	X_test
2211	X_test
3270	X_test
377	X_test
1158	X_test
390	X_test
7463	X_test
1268	X_test
44	X_test
2613	X_test
1541	X_test
39	X_test
3231	X_test
420	X_test
3299	X_test
3189	X_test
2095	X_test
393	X_test
407	X_test
3248	X_test
797	X_test
1892	X_test
4545	X_test
2139	X_test
7433	X_test
2114	X_test
760	X_test
12	X_test
4611	X_test
395	X_test
1151	X_test
1562	X_test
714	X_test
1208	X_test
1085	X_test
61	X_test
3198	X_test
1874	X_test
810	X_test
2980	X_test
2098	X_test
3323	X_test
